USE ASD
GO

INSERT INTO PRECO (COR, VALOR) VALUES
('BR', 2.0);

INSERT INTO PRECO (COR, VALOR) VALUES
('AZ', 2.5);

INSERT INTO PRECO (COR, VALOR) VALUES
('PR', 3.0);

INSERT INTO PRECO (COR, VALOR) VALUES
('VD', 3.5);

INSERT INTO PRECO (COR, VALOR) VALUES
('AM', 4.0);

INSERT INTO PRECO (COR, VALOR) VALUES
('VM', 4.5);

INSERT INTO GENERO (CODGENERO, DESCRICAO) VALUES
(1, 'Romance');

INSERT INTO GENERO (CODGENERO, DESCRICAO) VALUES
(2, 'Drama');

INSERT INTO GENERO (CODGENERO, DESCRICAO) VALUES
(3, 'Comédia');

INSERT INTO GENERO (CODGENERO, DESCRICAO) VALUES
(4, 'Aventura');

INSERT INTO GENERO (CODGENERO, DESCRICAO) VALUES
(5, 'Policial');

INSERT INTO GENERO (CODGENERO, DESCRICAO) VALUES
(6, 'Suspense');

INSERT INTO GENERO (CODGENERO, DESCRICAO) VALUES
(7, 'Guerra');

INSERT INTO GENERO (CODGENERO, DESCRICAO) VALUES
(8, 'Ação');

INSERT INTO FILME (CODFILME, NOME, PRECO_COR, GENERO_CODGENERO, STATUS) VALUES
(200, 'Matrix', 'VM', 8, 'L');

INSERT INTO FILME (CODFILME, NOME, PRECO_COR, GENERO_CODGENERO, STATUS) VALUES
(210, 'Os Normais', 'AM', 3, 'L');

INSERT INTO FILME (CODFILME, NOME, PRECO_COR, GENERO_CODGENERO, STATUS) VALUES
(220, 'Titanic', 'VD', 1, 'D');

INSERT INTO FILME (CODFILME, NOME, PRECO_COR, GENERO_CODGENERO, STATUS) VALUES
(230, 'Guerra nas Estrelas', 'BR', 4, 'L');

INSERT INTO FILME (CODFILME, NOME, PRECO_COR, GENERO_CODGENERO, STATUS) VALUES
(240, 'À espera de um milagre', 'PR', 6, 'D');

INSERT INTO FILME (CODFILME, NOME, PRECO_COR, GENERO_CODGENERO, STATUS) VALUES
(250, 'O sexto sentido', 'PR', 6, 'L');

INSERT INTO FILME (CODFILME, NOME, PRECO_COR, GENERO_CODGENERO, STATUS) VALUES
(260, 'Além da linha vermelha', 'VD', 7, 'D');

INSERT INTO FILME (CODFILME, NOME, PRECO_COR, GENERO_CODGENERO, STATUS) VALUES
(270, 'Robocop', 'BR', 5, 'I');

INSERT INTO FILME (CODFILME, NOME, PRECO_COR, GENERO_CODGENERO, STATUS) VALUES
(280, 'O resgate do soldado Rian', 'PR', 7, 'L');

INSERT INTO FILME (CODFILME, NOME, PRECO_COR, GENERO_CODGENERO, STATUS) VALUES
(290, 'Top Gang', 'PR', 3, 'D');

INSERT INTO CLIENTE (CODCLIENTE, NOME, ENDERECO, BAIRRO, CIDADE, ESTADO) VALUES
(100, 'João da Silva', 'Av. Amazonas, 100/101', 'Centro', 'Belo Horizonte', 'MG');

INSERT INTO CLIENTE (CODCLIENTE, NOME, ENDERECO, BAIRRO, CIDADE, ESTADO) VALUES
(110, 'Maria José de Souza', 'Rua Curitiba, 1009/102', 'Centro', 'Belo Horizonte', 'MG');

INSERT INTO CLIENTE (CODCLIENTE, NOME, ENDERECO, BAIRRO, CIDADE, ESTADO) VALUES
(120, 'Antônio Carlos Ferreira', 'Rua Piauí, 200/501', 'Funcionários', 'Belo Horizonte', 'MG');

INSERT INTO CLIENTE (CODCLIENTE, NOME, ENDERECO, BAIRRO, CIDADE, ESTADO) VALUES
(130, 'Patrícia dos Santos', 'Rua Paraíba, 300/902', 'Funcionários', 'Sete Lagoas', 'MG');

INSERT INTO CLIENTE (CODCLIENTE, NOME, ENDERECO, BAIRRO, CIDADE, ESTADO) VALUES
(140, 'Paulo Correia', 'Rua Platina, 400/1002', 'Prado', 'Sete Lagoas', 'MG');

INSERT INTO CLIENTE (CODCLIENTE, NOME, ENDERECO, BAIRRO, CIDADE, ESTADO) VALUES
(150, 'Daniela Marinho', 'Rua Joaquim Xavier, 300/902', 'Penha', 'Rio de Janeiro', 'RJ');

INSERT INTO CLIENTE (CODCLIENTE, NOME, ENDERECO, BAIRRO, CIDADE, ESTADO) VALUES
(160, 'Fabrícia Passos', 'Rua Álvares Cabral, 4000/502', 'Leblon', 'Rio de Janeiro', 'RJ');

INSERT INTO CLIENTE (CODCLIENTE, NOME, ENDERECO, BAIRRO, CIDADE, ESTADO) VALUES
(170, 'Danilo Passos', 'Pça. D. Pedro I, 890/104', 'Ipanema', 'Rio de Janeiro', 'RJ');

INSERT INTO CLIENTE (CODCLIENTE, NOME, ENDERECO, BAIRRO, CIDADE, ESTADO) VALUES
(180, 'Roberto Assunção', 'Av. Tiradentes, 3500/105', 'Centro', 'São Paulo', 'SP');

INSERT INTO CLIENTE (CODCLIENTE, NOME, ENDERECO, BAIRRO, CIDADE, ESTADO) VALUES
(190, 'Sílvia Cordeiro', 'Av. Paulista, 5500/105', 'Centro', 'São Paulo', 'SP');

INSERT INTO CLIENTE (CODCLIENTE, NOME, ENDERECO, BAIRRO, CIDADE, ESTADO) VALUES
(200, 'Ricardo Andrade', 'Rua da Concórdia, 670/205', 'Centro', 'Jacareí', 'SP');

INSERT INTO LOCACAO (CLIENTE_CODCLIENTE, DATA, FILME_CODFILME, DATADEVOLUCAO) VALUES
(100, '01-20-2005', 270, '01-23-2005');

INSERT INTO LOCACAO (CLIENTE_CODCLIENTE, DATA, FILME_CODFILME, DATADEVOLUCAO) VALUES
(110, '03-22-2005', 260, '03-25-2005');

INSERT INTO LOCACAO (CLIENTE_CODCLIENTE, DATA, FILME_CODFILME, DATADEVOLUCAO) VALUES
(110, '10-20-2005', 250, NULL);

INSERT INTO LOCACAO (CLIENTE_CODCLIENTE, DATA, FILME_CODFILME, DATADEVOLUCAO) VALUES
(120, '10-05-2005', 230, NULL);

INSERT INTO LOCACAO (CLIENTE_CODCLIENTE, DATA, FILME_CODFILME, DATADEVOLUCAO) VALUES
(130, '10-10-2005', 280, NULL);

INSERT INTO LOCACAO (CLIENTE_CODCLIENTE, DATA, FILME_CODFILME, DATADEVOLUCAO) VALUES
(140, '01-20-2005', 250, '01-23-2005');

INSERT INTO GENERO VALUES 
(9, 'Ficção');

INSERT INTO GENERO VALUES 
(10, 'Infantil');

INSERT INTO GENERO VALUES 
(11, 'Terror');

INSERT INTO FILME VALUES 
(300, 'Andar', 'BR', 'D',009);

INSERT INTO FILME VALUES 
(310, '102 Dalmatas', 'AM', 'D',010);

INSERT INTO FILME VALUES 
(320, '13 Guerreiro', 'AZ', 'D',008);

INSERT INTO FILME VALUES 
(330, '17 Anos', 'VM', 'D',002);

INSERT INTO FILME VALUES 
(340, 'Drama', 'VD', 'D',006);

INSERT INTO FILME VALUES 
(350, 'Um Maluco Perdido no Espaço', 'VD', 'D',003);

INSERT INTO FILME VALUES 
(360, 'O Espião que Me Amava', 'BR', 'D',008);

INSERT INTO FILME VALUES 
(370, 'Um Supermercado Que Vende Palavras', 'AZ', 'D',009);

INSERT INTO FILME VALUES 
(380, 'Os Ninjas Contra Atacam', 'VD', 'D',008);

INSERT INTO FILME VALUES 
(390, 'Os Patetas-Fácil de aplicar, Dificil de Explicar', 'BR', 'D',003);

INSERT INTO FILME VALUES 
(400, 'Os Reis Magos em Los Angeles', 'PR', 'D',003);

INSERT INTO LOCACAO (CLIENTE_CODCLIENTE, DATA, FILME_CODFILME, DATADEVOLUCAO) VALUES 
(100, '01-01-2007', 300, '01-03-2007');

INSERT INTO LOCACAO (CLIENTE_CODCLIENTE, DATA, FILME_CODFILME, DATADEVOLUCAO) VALUES 
(110, '01-05-2007', 310, '01-10-2007');

INSERT INTO LOCACAO (CLIENTE_CODCLIENTE, DATA, FILME_CODFILME, DATADEVOLUCAO) VALUES 
(120, '01-15-2007', 320, '01-20-2007');

INSERT INTO LOCACAO (CLIENTE_CODCLIENTE, DATA, FILME_CODFILME, DATADEVOLUCAO) VALUES 
(130, '01-25-2007', 330, '01-30-2007');

INSERT INTO LOCACAO (CLIENTE_CODCLIENTE, DATA, FILME_CODFILME, DATADEVOLUCAO) VALUES 
(140, '02-01-2007', 340, '02-03-2007');

INSERT INTO LOCACAO (CLIENTE_CODCLIENTE, DATA, FILME_CODFILME, DATADEVOLUCAO) VALUES 
(150, '03-05-2007', 350, '03-06-2007');

INSERT INTO LOCACAO (CLIENTE_CODCLIENTE, DATA, FILME_CODFILME, DATADEVOLUCAO) VALUES 
(160, '03-10-2007', 370, '03-14-2007');

INSERT INTO LOCACAO (CLIENTE_CODCLIENTE, DATA, FILME_CODFILME, DATADEVOLUCAO) VALUES 
(170, '04-16-2007', 360, '04-17-2007');

INSERT INTO LOCACAO (CLIENTE_CODCLIENTE, DATA, FILME_CODFILME, DATADEVOLUCAO) VALUES 
(180, '05-01-2007', 380, '05-02-2007');

INSERT INTO LOCACAO (CLIENTE_CODCLIENTE, DATA, FILME_CODFILME, DATADEVOLUCAO) VALUES 
(190, '08-01-2007', 390, null);

INSERT INTO LOCACAO (CLIENTE_CODCLIENTE, DATA, FILME_CODFILME, DATADEVOLUCAO) VALUES 
(200, '09-01-2007', 400, null);

INSERT INTO LOCACAO (CLIENTE_CODCLIENTE, DATA, FILME_CODFILME, DATADEVOLUCAO) VALUES 
(170, '10-16-2007', 360, '10-17-2007');

INSERT INTO LOCACAO (CLIENTE_CODCLIENTE, DATA, FILME_CODFILME, DATADEVOLUCAO) VALUES 
(180, '10-01-2007', 380, '10-02-2007');

INSERT INTO LOCACAO (CLIENTE_CODCLIENTE, DATA, FILME_CODFILME, DATADEVOLUCAO) VALUES 
(190, '10-01-2007', 390, null);